name,csrankings,core_a_star,core_a,core_union,all_sources_union,core_union_before,core_union_change
A. Venkata Subramanyam,0,1,4,5,5,5,0
Anubha Gupta,3,3,1,4,4,4,0
Arani Bhattacharya,4,6,7,13,14,13,0
Arun Balaji Buduru,1,1,2,3,3,3,0
Bapi Chatterjee,3,4,1,5,5,5,0
Debajyoti Bera,0,1,2,3,3,3,0
Debarka Sengupta,1,0,0,0,1,0,0
Gajendra P. S. Raghava,0,0,0,0,0,0,0
Ganesh Bagler,0,0,0,0,0,0,0
Gautam Shroff,2,4,9,13,13,12,1
Jainendra Shukla,4,2,2,4,6,4,0
Md. Shad Akhtar,24,23,10,33,33,33,0
Mukesh K. Mohania,1,0,8,8,8,6,2
Mukulika Maity,2,1,6,7,8,5,2
Nikhil Gupta 0008,1,1,3,4,4,4,0
Ojaswa Sharma,0,1,3,4,4,4,0
Pankaj Jalote,0,0,1,1,1,1,0
Piyus Kedia,1,1,5,6,6,4,2
Pushpendra Singh 0001,18,17,3,20,21,20,0
Raghava Mutharaju,2,2,5,7,7,5,2
Rajiv Raman 0001,0,0,8,8,8,8,0
Rajiv Ratn Shah,37,41,27,68,68,68,0
Ravi Anand,2,2,1,3,3,3,0
Rinku Shah,0,0,1,1,1,1,0
Saket Anand,7,8,10,18,18,17,1
Sambuddho Chakravarty,1,0,10,10,10,6,4
Sujay Deb,0,0,0,0,0,0,0
Supratim Shit,3,3,1,4,4,4,0
Syamantak Das,5,6,7,13,13,11,2
Tanmoy Kundu 0001,6,3,3,6,6,6,0
Vikram Goyal,4,6,9,15,15,12,3
Vinayak Abrol,4,5,0,5,5,5,0
Vivek Kumar 0001,1,0,1,1,1,1,0
